individual,time,phenotype,genotype
ind_000,0.0,10.496714153011233,Aa
ind_000,1.0,11.539336732135512,AA
ind_000,2.0,13.870900905075871,Aa
ind_000,3.0,16.03966440454544,AA
ind_000,4.0,15.226042055112796,AA
ind_000,5.0,15.753337976071093,aa
ind_000,6.0,17.64845096989837,aa
ind_000,7.0,16.483481562397277,aa
ind_000,8.0,14.507841516820804,AA
ind_000,9.0,14.479459444755117,AA
ind_000,10.0,12.242182347486875,Aa
ind_000,11.0,10.945541775713503,Aa
ind_000,12.0,10.429360055091774,AA
ind_000,13.0,7.247888959422333,Aa
ind_000,14.0,6.7172033054190265,AA
ind_000,15.0,7.550061882433543,aa
ind_000,16.0,7.206345835486372,AA
ind_000,17.0,9.085173920956612,Aa
ind_000,18.0,8.82815348669885,AA
ind_000,19.0,8.956939684216914,Aa
ind_000,20.0,13.391242376467318,Aa
ind_001,0.0,10.218638316053863,aa
ind_001,1.0,12.559362072255308,Aa
ind_001,2.0,12.21412702411007,AA
ind_001,3.0,12.933340334600528,Aa
ind_001,4.0,16.233895846669814,Aa
ind_001,5.0,15.449333271357313,Aa
ind_001,6.0,14.72256005702963,Aa
ind_001,7.0,14.835455567197261,Aa
ind_001,8.0,13.846763598074189,Aa
ind_001,9.0,14.071328283797174,Aa
ind_001,10.0,13.287722835012374,AA
ind_001,11.0,12.299019988877117,AA
ind_001,12.0,11.081730113634501,AA
ind_001,13.0,9.916167001324867,Aa
ind_001,14.0,8.234955247827484,AA
ind_001,15.0,7.488872016689555,Aa
ind_001,16.0,6.711023666273313,aa
ind_001,17.0,9.870573564146158,AA
ind_001,18.0,9.558445440949408,Aa
ind_001,19.0,10.636188978325512,Aa
ind_001,20.0,13.782638853706072,AA
ind_002,0.0,9.101792060544321,Aa
ind_002,1.0,11.465439611595071,Aa
ind_002,2.0,12.796343572935454,AA
ind_002,3.0,15.018082879662222,aa
ind_002,4.0,16.61838208276816,aa
ind_002,5.0,16.244591803076553,AA
ind_002,6.0,16.383751050254148,Aa
ind_002,7.0,17.087908966794146,AA
ind_002,8.0,15.152869196710588,AA
ind_002,9.0,13.627610854724574,AA
ind_002,10.0,13.378725543073312,Aa
ind_002,11.0,11.154641346591205,Aa
ind_002,12.0,9.819572059392979,AA
ind_002,13.0,10.434902824219687,AA
ind_002,14.0,8.15016846710644,aa
ind_002,15.0,5.4571733641110445,AA
ind_002,16.0,8.564694899709561,AA
ind_002,17.0,8.375410136781044,Aa
ind_002,18.0,9.447040705750121,aa
ind_002,19.0,11.499508613545322,AA
ind_002,20.0,12.436861600654305,Aa
ind_003,0.0,9.224663894043056,AA
ind_003,1.0,12.450741889195946,Aa
ind_003,2.0,12.421384523625484,aa
ind_003,3.0,15.900650267070095,Aa
ind_003,4.0,16.86540073571432,Aa
ind_003,5.0,17.379800686512176,AA
ind_003,6.0,15.188597335861207,AA
ind_003,7.0,15.79294178182894,aa
ind_003,8.0,14.483883420552429,aa
ind_003,9.0,12.203524888024559,Aa
ind_003,10.0,11.755667872491253,AA
ind_003,11.0,9.628323823432593,AA
ind_003,12.0,7.540005007779332,Aa
ind_003,13.0,6.139092785761044,aa
ind_003,14.0,6.43467074907462,aa
ind_003,15.0,4.232938753512663,Aa
ind_003,16.0,6.098975866716316,Aa
ind_003,17.0,5.199698535613514,AA
ind_003,18.0,7.700188656695252,AA
ind_003,19.0,8.229097788662203,aa
ind_003,20.0,9.55812098854221,Aa
ind_004,0.0,10.17483301199147,AA
ind_004,1.0,10.460746140947458,Aa
ind_004,2.0,14.272559759296044,AA
ind_004,3.0,15.841740209651617,AA
ind_004,4.0,16.194696494716176,Aa
ind_004,5.0,15.032977671058852,AA
ind_004,6.0,15.31805872972705,aa
ind_004,7.0,14.585618780123838,aa
ind_004,8.0,15.747293262686549,aa
ind_004,9.0,15.205288923573054,AA
ind_004,10.0,13.130086284355787,AA
ind_004,11.0,12.35180711424577,aa
ind_004,12.0,9.319756693546365,Aa
ind_004,13.0,9.30703105650844,aa
ind_004,14.0,7.0722500812157625,aa
ind_004,15.0,7.340568662181257,aa
ind_004,16.0,9.097850504011692,AA
ind_004,17.0,8.531332080167529,AA
ind_004,18.0,10.945559532906696,aa
ind_004,19.0,11.584532290703809,AA
ind_004,20.0,15.337344668067113,AA
ind_005,0.0,10.093765430151947,Aa
ind_005,1.0,12.38771027367065,Aa
ind_005,2.0,13.315691238526275,aa
ind_005,3.0,15.146709486738423,AA
ind_005,4.0,17.22313290213936,AA
ind_005,5.0,16.218428655965408,AA
ind_005,6.0,15.260301263000615,Aa
ind_005,7.0,16.773470342106744,AA
ind_005,8.0,15.02867676223539,Aa
ind_005,9.0,14.809346558829604,Aa
ind_005,10.0,13.771798584397073,AA
ind_005,11.0,10.45226343285698,Aa
ind_005,12.0,11.569402387697682,AA
ind_005,13.0,10.066291164036691,AA
ind_005,14.0,7.83821676544753,aa
ind_005,15.0,8.416798531545368,AA
ind_005,16.0,8.476384446800903,AA
ind_005,17.0,8.794858402827174,Aa
ind_005,18.0,10.608091551032455,Aa
ind_005,19.0,12.48392861534534,AA
ind_005,20.0,12.610228881746004,Aa
ind_006,0.0,12.389035957392462,AA
ind_006,1.0,13.52101479162723,AA
ind_006,2.0,14.586647857926883,AA
ind_006,3.0,15.34540052574229,AA
ind_006,4.0,15.475338708095997,AA
ind_006,5.0,16.429548949887003,AA
ind_006,6.0,17.11725789838593,aa
ind_006,7.0,15.087477085768661,AA
ind_006,8.0,14.532817158536572,AA
ind_006,9.0,12.26776704207862,Aa
ind_006,10.0,11.933780962542581,aa
ind_006,11.0,13.072573259891913,AA
ind_006,12.0,9.85315069237537,Aa
ind_006,13.0,8.843322297569548,Aa
ind_006,14.0,8.759888170369177,AA
ind_006,15.0,12.031269497755531,aa
ind_006,16.0,14.695706039163902,aa
ind_006,17.0,15.56848083698975,AA
ind_006,18.0,15.64462122093601,AA
ind_006,19.0,18.22907066674684,aa
ind_006,20.0,16.80723813612501,Aa
ind_007,0.0,11.933542629429992,Aa
ind_007,1.0,12.091475870557504,AA
ind_007,2.0,13.790980734732802,AA
ind_007,3.0,14.664816279516565,Aa
ind_007,4.0,16.632631212228375,Aa
ind_007,5.0,16.518874943980602,AA
ind_007,6.0,16.8183438313553,aa
ind_007,7.0,17.52500366226453,AA
ind_007,8.0,15.204300203975105,Aa
ind_007,9.0,13.665937139001413,aa
ind_007,10.0,13.151889388301253,Aa
ind_007,11.0,12.547513846403023,Aa
ind_007,12.0,10.68882454055182,Aa
ind_007,13.0,10.221807782901543,Aa
ind_007,14.0,7.773146310615374,Aa
ind_007,15.0,7.244265186270027,AA
ind_007,16.0,7.674139340473705,AA
ind_007,17.0,7.503544286849003,Aa
ind_007,18.0,9.846477140853484,aa
ind_007,19.0,10.616546901161897,Aa
ind_007,20.0,13.833133862649749,AA
ind_008,0.0,8.70877563780253,Aa
ind_008,1.0,12.82197256878138,aa
ind_008,2.0,14.081077025763644,aa
ind_008,3.0,13.889776678599262,aa
ind_008,4.0,14.118188125782776,Aa
ind_008,5.0,15.661501792038784,AA
ind_008,6.0,19.323223280478583,AA
ind_008,7.0,14.17104788464737,aa
ind_008,8.0,14.134580806268833,AA
ind_008,9.0,14.328941290901748,Aa
ind_008,10.0,12.581074792705651,AA
ind_008,11.0,11.21106663355269,Aa
ind_008,12.0,12.212118781526746,aa
ind_008,13.0,8.307909262042156,aa
ind_008,14.0,8.427840590226964,AA
ind_008,15.0,8.31425685347731,aa
ind_008,16.0,7.4144402707453,Aa
ind_008,17.0,7.330273849554521,AA
ind_008,18.0,10.005495216472601,Aa
ind_008,19.0,12.86023886289072,Aa
ind_008,20.0,13.007505404122895,AA
ind_009,0.0,8.980658532759929,AA
ind_009,1.0,12.509559219881208,AA
ind_009,2.0,12.498878571628078,AA
ind_009,3.0,12.640855909573473,AA
ind_009,4.0,14.885993981028452,aa
ind_009,5.0,14.495500607561423,Aa
ind_009,6.0,17.659395873401827,AA
ind_009,7.0,16.187688787692437,Aa
ind_009,8.0,15.624874011769469,aa
ind_009,9.0,14.47292593607401,aa
ind_009,10.0,13.54577119957776,AA
ind_009,11.0,12.544613554352832,AA
ind_009,12.0,9.647652424201144,AA
ind_009,13.0,7.741207571088442,AA
ind_009,14.0,7.595187400684396,AA
ind_009,15.0,8.067099787935195,Aa
ind_009,16.0,5.654834974360102,AA
ind_009,17.0,9.913652471655169,AA
ind_009,18.0,7.83943034203714,AA
ind_009,19.0,11.645665612840954,AA
ind_009,20.0,12.434851719799841,AA
ind_010,0.0,10.285175324649654,AA
ind_010,1.0,11.182707605741417,AA
ind_010,2.0,13.173732814191979,AA
ind_010,3.0,13.87131233893993,AA
ind_010,4.0,13.859584420808497,AA
ind_010,5.0,14.472900089204035,Aa
ind_010,6.0,16.748897823554394,Aa
ind_010,7.0,15.593258084086854,Aa
ind_010,8.0,15.626209144009305,aa
ind_010,9.0,14.717174565589152,Aa
ind_010,10.0,12.856680002452064,Aa
ind_010,11.0,10.179540761773934,Aa
ind_010,12.0,10.376982703686329,AA
ind_010,13.0,10.560765851932864,AA
ind_010,14.0,7.994693113673921,AA
ind_010,15.0,8.452964662962875,AA
ind_010,16.0,8.205399000553603,AA
ind_010,17.0,10.143304384908584,AA
ind_010,18.0,9.058391469226677,aa
ind_010,19.0,12.20010415901968,Aa
ind_010,20.0,12.227911880635556,AA
ind_011,0.0,6.521830786363443,Aa
ind_011,1.0,11.409337971357184,Aa
ind_011,2.0,12.705300111169544,Aa
ind_011,3.0,15.409459912436272,aa
ind_011,4.0,14.896936818375769,Aa
ind_011,5.0,18.526732724231167,AA
ind_011,6.0,17.46603173316122,AA
ind_011,7.0,15.32613644223459,Aa
ind_011,8.0,16.126938981588836,AA
ind_011,9.0,14.462111113860098,AA
ind_011,10.0,12.939065836779578,Aa
ind_011,11.0,12.21392378489119,AA
ind_011,12.0,10.241468657786225,Aa
ind_011,13.0,9.401520360157608,Aa
ind_011,14.0,9.265473654211025,Aa
ind_011,15.0,10.164802153420005,Aa
ind_011,16.0,8.47037192804047,Aa
ind_011,17.0,8.317129923389182,AA
ind_011,18.0,7.7069467071260735,Aa
ind_011,19.0,13.007875758975452,Aa
ind_011,20.0,12.339680796433411,aa
ind_012,0.0,10.534809290081267,AA
ind_012,1.0,12.145380579514407,aa
ind_012,2.0,13.238276748554172,AA
ind_012,3.0,13.15096976165376,Aa
ind_012,4.0,15.964302289526666,aa
ind_012,5.0,15.484237447354525,Aa
ind_012,6.0,17.114550947398588,aa
ind_012,7.0,15.480187025093691,AA
ind_012,8.0,14.900551993727424,Aa
ind_012,9.0,15.619825865542088,Aa
ind_012,10.0,15.087236834807285,Aa
ind_012,11.0,12.197305484995843,AA
ind_012,12.0,9.900257686102353,AA
ind_012,13.0,8.786507875723988,AA
ind_012,14.0,7.623444152613478,Aa
ind_012,15.0,7.487111228120958,aa
ind_012,16.0,7.945567212316828,Aa
ind_012,17.0,10.735179555356238,AA
ind_012,18.0,9.538955891366538,aa
ind_012,19.0,9.82051928281371,AA
ind_012,20.0,12.644587776130754,AA
ind_013,0.0,10.293666023609466,aa
ind_013,1.0,11.188831209851164,AA
ind_013,2.0,13.483133836110907,AA
ind_013,3.0,13.225598477239302,AA
ind_013,4.0,13.899689515453462,Aa
ind_013,5.0,16.19416439602135,aa
ind_013,6.0,15.719454393434125,AA
ind_013,7.0,13.605347312094189,aa
ind_013,8.0,16.320414720863486,AA
ind_013,9.0,12.629242332985394,aa
ind_013,10.0,15.278924992409769,AA
ind_013,11.0,10.78725480039518,AA
ind_013,12.0,10.588958351651739,Aa
ind_013,13.0,10.808118214467317,aa
ind_013,14.0,9.921555065760884,aa
ind_013,15.0,10.098485817901398,Aa
ind_013,16.0,6.6961007169404425,aa
ind_013,17.0,7.635061090854091,AA
ind_013,18.0,9.962174836314091,aa
ind_013,19.0,11.886319724909526,Aa
ind_013,20.0,12.591695065625732,Aa
ind_014,0.0,8.362005964286611,Aa
ind_014,1.0,12.243941163825719,Aa
ind_014,2.0,14.05503054308044,Aa
ind_014,3.0,12.770472989476225,Aa
ind_014,4.0,18.076895376437726,Aa
ind_014,5.0,15.556682545097656,AA
ind_014,6.0,16.56380475653346,aa
ind_014,7.0,14.550722803504366,aa
ind_014,8.0,12.356625738076305,aa
ind_014,9.0,13.9779736959276,AA
ind_014,10.0,11.165649272964615,Aa
ind_014,11.0,9.391892855687273,aa
ind_014,12.0,8.519999709225027,AA
ind_014,13.0,8.119515366000002,AA
ind_014,14.0,6.647013266052605,Aa
ind_014,15.0,7.188373285368602,Aa
ind_014,16.0,4.728398780163904,aa
ind_014,17.0,6.217050561845694,AA
ind_014,18.0,5.791471210721594,Aa
ind_014,19.0,11.237674407165605,AA
ind_014,20.0,12.781008600001153,AA
ind_015,0.0,10.760251094635361,Aa
ind_015,1.0,12.072053175684994,AA
ind_015,2.0,12.802227886154915,aa
ind_015,3.0,14.806409405033829,Aa
ind_015,4.0,17.53559622848157,Aa
ind_015,5.0,20.50276581551161,Aa
ind_015,6.0,19.38738080128278,aa
ind_015,7.0,20.56142693446796,Aa
ind_015,8.0,18.213406708793848,Aa
ind_015,9.0,15.542941045050942,Aa
ind_015,10.0,15.341679908441575,AA
ind_015,11.0,13.184645787317548,AA
ind_015,12.0,13.480050478544074,Aa
ind_015,13.0,12.823753762329327,Aa
ind_015,14.0,13.762724629266986,Aa
ind_015,15.0,12.083442964498321,AA
ind_015,16.0,11.644242606071575,Aa
ind_015,17.0,13.24449834860447,AA
ind_015,18.0,11.169208432271821,Aa
ind_015,19.0,14.926353024180022,Aa
ind_015,20.0,17.017953881951982,Aa
ind_016,0.0,9.119136355511738,Aa
ind_016,1.0,10.65898158520221,AA
ind_016,2.0,16.19940929513015,Aa
ind_016,3.0,15.93088581074983,Aa
ind_016,4.0,14.986606648859023,Aa
ind_016,5.0,16.014739637839153,Aa
ind_016,6.0,15.93413784647604,aa
ind_016,7.0,17.42221080664208,aa
ind_016,8.0,15.494331632873715,Aa
ind_016,9.0,15.118873449790966,AA
ind_016,10.0,13.063771885660683,aa
ind_016,11.0,11.299299008689141,aa
ind_016,12.0,10.513821148596453,AA
ind_016,13.0,8.75422497020805,aa
ind_016,14.0,6.989917094461161,aa
ind_016,15.0,10.369065682841304,Aa
ind_016,16.0,8.161040202687849,Aa
ind_016,17.0,9.9451201067763,AA
ind_016,18.0,10.739340969814783,AA
ind_016,19.0,13.132953913276022,AA
ind_016,20.0,15.61065478914904,aa
ind_017,0.0,10.223884024279132,Aa
ind_017,1.0,12.529847522336965,Aa
ind_017,2.0,10.902474992997046,AA
ind_017,3.0,14.286754976691029,Aa
ind_017,4.0,16.0883354433168,AA
ind_017,5.0,17.25760047959599,aa
ind_017,6.0,15.250763937348585,AA
ind_017,7.0,14.213281815613765,AA
ind_017,8.0,14.716580737863936,AA
ind_017,9.0,12.811480393422263,Aa
ind_017,10.0,12.556563373569807,Aa
ind_017,11.0,11.404618074652522,AA
ind_017,12.0,8.868252738323795,Aa
ind_017,13.0,9.965608314190996,Aa
ind_017,14.0,8.284907244567608,Aa
ind_017,15.0,9.192809280679864,Aa
ind_017,16.0,6.374271715524703,Aa
ind_017,17.0,7.753734417815947,Aa
ind_017,18.0,10.252846870868185,AA
ind_017,19.0,10.247461716186548,AA
ind_017,20.0,12.438386850955675,aa
ind_018,0.0,9.850122033237538,Aa
ind_018,1.0,12.205365794238357,AA
ind_018,2.0,14.056436244595918,AA
ind_018,3.0,13.190095532027657,aa
ind_018,4.0,15.098304458603128,AA
ind_018,5.0,15.917885110107264,AA
ind_018,6.0,16.55455415095143,AA
ind_018,7.0,14.943379690970897,AA
ind_018,8.0,14.888094727162086,AA
ind_018,9.0,13.96688303569631,Aa
ind_018,10.0,12.001129936839806,Aa
ind_018,11.0,10.682956379335874,aa
ind_018,12.0,10.286143561163074,aa
ind_018,13.0,9.030824058092923,AA
ind_018,14.0,8.942598657352692,AA
ind_018,15.0,7.059090691029519,AA
ind_018,16.0,7.868495427942008,Aa
ind_018,17.0,8.541710536807745,AA
ind_018,18.0,10.550041470343668,Aa
ind_018,19.0,10.10615851244391,Aa
ind_018,20.0,12.837574514160456,Aa
ind_019,0.0,10.252755507537886,AA
ind_019,1.0,9.924131617056034,aa
ind_019,2.0,12.678290132016269,Aa
ind_019,3.0,15.488457238310152,AA
ind_019,4.0,15.429237179199559,Aa
ind_019,5.0,15.651759860133703,AA
ind_019,6.0,17.415282361855695,AA
ind_019,7.0,17.871286371677442,Aa
ind_019,8.0,15.649573187169528,AA
ind_019,9.0,13.314044898067868,Aa
ind_019,10.0,12.287457006290063,AA
ind_019,11.0,10.122824149526434,AA
ind_019,12.0,10.28821520577979,AA
ind_019,13.0,7.531576218103805,AA
ind_019,14.0,8.993984793241559,Aa
ind_019,15.0,10.117923457314468,AA
ind_019,16.0,8.936768535613846,Aa
ind_019,17.0,8.301778868166403,Aa
ind_019,18.0,10.263114974851852,Aa
ind_019,19.0,12.66710573217769,aa
ind_019,20.0,14.173417144266509,Aa
ind_020,0.0,10.607566864331359,aa
ind_020,1.0,10.15842105032052,Aa
ind_020,2.0,13.217875896138514,aa
ind_020,3.0,13.85786572235606,Aa
ind_020,4.0,13.770638203757862,Aa
ind_020,5.0,16.974597133148983,aa
ind_020,6.0,15.717065170791386,AA
ind_020,7.0,15.958567258856888,Aa
ind_020,8.0,15.157161321483814,AA
ind_020,9.0,13.60204712879304,aa
ind_020,10.0,14.680627393930116,aa
ind_020,11.0,11.36400687665475,AA
ind_020,12.0,8.629445465849072,Aa
ind_020,13.0,8.760787843896814,aa
ind_020,14.0,8.94185875804417,AA
ind_020,15.0,8.644944521045065,Aa
ind_020,16.0,7.131396020559034,aa
ind_020,17.0,9.700409095706107,AA
ind_020,18.0,7.973310633349022,Aa
ind_020,19.0,12.190707489628231,AA
ind_020,20.0,11.283574619867965,aa
ind_021,0.0,9.773754780991323,aa
ind_021,1.0,12.80667047084184,AA
ind_021,2.0,13.142796593266185,Aa
ind_021,3.0,14.051184365733363,Aa
ind_021,4.0,16.346712842405186,Aa
ind_021,5.0,14.582315010655813,Aa
ind_021,6.0,16.570271497908323,aa
ind_021,7.0,14.67356195901723,aa
ind_021,8.0,16.25524273199392,Aa
ind_021,9.0,13.675872147922355,Aa
ind_021,10.0,12.840584761119024,Aa
ind_021,11.0,11.823841925927882,Aa
ind_021,12.0,8.257713187211582,AA
ind_021,13.0,8.510584362523275,AA
ind_021,14.0,9.485667047218612,AA
ind_021,15.0,8.980114435845403,AA
ind_021,16.0,8.502209161216012,AA
ind_021,17.0,7.421463016935814,AA
ind_021,18.0,10.321681023078641,AA
ind_021,19.0,11.759971877217259,AA
ind_021,20.0,12.649939722129115,aa
ind_022,0.0,8.06632169889244,AA
ind_022,1.0,10.470205201660322,AA
ind_022,2.0,15.298227102820812,Aa
ind_022,3.0,18.344850600117365,Aa
ind_022,4.0,18.440065192212316,Aa
ind_022,5.0,18.307482905525614,AA
ind_022,6.0,21.524553725319965,aa
ind_022,7.0,18.197742735220505,AA
ind_022,8.0,19.290011632662193,AA
ind_022,9.0,18.703600774479668,aa
ind_022,10.0,14.281232518164794,aa
ind_022,11.0,14.630827308880129,aa
ind_022,12.0,12.815456948140318,aa
ind_022,13.0,11.707837623043597,Aa
ind_022,14.0,12.143090770261768,Aa
ind_022,15.0,10.635071730774033,AA
ind_022,16.0,10.868800725017127,Aa
ind_022,17.0,11.748404508258846,AA
ind_022,18.0,12.508371109366294,AA
ind_022,19.0,13.01859489552249,Aa
ind_022,20.0,16.544421829375647,Aa
ind_023,0.0,9.482388700963828,Aa
ind_023,1.0,11.901388984945596,AA
ind_023,2.0,13.206789470902425,aa
ind_023,3.0,15.7050278215855,aa
ind_023,4.0,17.987127855709755,Aa
ind_023,5.0,15.456606160099952,AA
ind_023,6.0,15.579798711872755,AA
ind_023,7.0,16.76020771031344,Aa
ind_023,8.0,15.659207392382067,aa
ind_023,9.0,15.783606726905186,Aa
ind_023,10.0,13.2895282256253,AA
ind_023,11.0,11.0519794384967,Aa
ind_023,12.0,10.778052614218048,Aa
ind_023,13.0,10.26987278466304,Aa
ind_023,14.0,9.262603319129424,AA
ind_023,15.0,8.619623442781812,Aa
ind_023,16.0,9.28585164540995,Aa
ind_023,17.0,9.94022217880701,aa
ind_023,18.0,11.118336553257588,AA
ind_023,19.0,11.695282174601456,Aa
ind_023,20.0,12.435804428688517,aa
ind_024,0.0,10.146713686433323,aa
ind_024,1.0,11.231167418756169,aa
ind_024,2.0,13.417302359873485,AA
ind_024,3.0,15.590266297997188,Aa
ind_024,4.0,14.43368013042507,aa
ind_024,5.0,16.120444607167148,aa
ind_024,6.0,15.369117339451803,aa
ind_024,7.0,16.911093462169212,Aa
ind_024,8.0,13.454128997971981,Aa
ind_024,9.0,13.377977553897564,AA
ind_024,10.0,13.082811915363857,AA
ind_024,11.0,12.9767955585181,Aa
ind_024,12.0,10.12164752245275,Aa
ind_024,13.0,7.153042135627829,AA
ind_024,14.0,8.870350665613543,aa
ind_024,15.0,5.211407969499166,Aa
ind_024,16.0,4.567443457441609,Aa
ind_024,17.0,7.758013496655566,Aa
ind_024,18.0,7.781195796108347,Aa
ind_024,19.0,8.572411928121994,AA
ind_024,20.0,11.85835141454562,AA
ind_025,0.0,9.645375817066506,aa
ind_025,1.0,13.304120505006379,aa
ind_025,2.0,10.741917380409976,Aa
ind_025,3.0,15.030469741202962,Aa
ind_025,4.0,15.203385121417098,AA
ind_025,5.0,17.625587682567915,AA
ind_025,6.0,17.57027699439544,Aa
ind_025,7.0,16.08155356807106,AA
ind_025,8.0,13.397592832043959,Aa
ind_025,9.0,13.363009918834019,AA
ind_025,10.0,12.241208963685597,AA
ind_025,11.0,10.084816734830294,Aa
ind_025,12.0,11.341982065385109,aa
ind_025,13.0,7.707742706805726,AA
ind_025,14.0,10.40744864638577,Aa
ind_025,15.0,10.075172045719974,aa
ind_025,16.0,7.83411669396129,AA
ind_025,17.0,9.099421958491154,aa
ind_025,18.0,9.663894084149637,AA
ind_025,19.0,11.948397087373504,AA
ind_025,20.0,13.87759984757013,aa
ind_026,0.0,10.632116101268378,Aa
ind_026,1.0,10.698834385445444,Aa
ind_026,2.0,13.575103434881614,AA
ind_026,3.0,14.64941524640157,Aa
ind_026,4.0,17.161891638369593,Aa
ind_026,5.0,17.37061993389255,aa
ind_026,6.0,14.53548942868114,Aa
ind_026,7.0,16.57717450220297,AA
ind_026,8.0,16.242513154379456,AA
ind_026,9.0,14.496258609897483,AA
ind_026,10.0,12.370187896605145,Aa
ind_026,11.0,13.824665444400896,AA
ind_026,12.0,10.838807064452762,Aa
ind_026,13.0,11.13771347780836,Aa
ind_026,14.0,9.793599567405566,AA
ind_026,15.0,8.576484071897818,Aa
ind_026,16.0,7.639476044347169,AA
ind_026,17.0,8.746821710208836,Aa
ind_026,18.0,9.514265109426509,AA
ind_026,19.0,9.832053331362543,aa
ind_026,20.0,13.253204083965073,AA
ind_027,0.0,11.56735300195941,Aa
ind_027,1.0,11.585841709307196,AA
ind_027,2.0,13.726002088015933,Aa
ind_027,3.0,14.900178555611337,Aa
ind_027,4.0,16.49153542410044,AA
ind_027,5.0,16.86125797398039,Aa
ind_027,6.0,16.837361989525693,AA
ind_027,7.0,23.791879670825416,Aa
ind_027,8.0,20.295683948512412,Aa
ind_027,9.0,21.50143631414234,Aa
ind_027,10.0,18.088783851657595,Aa
ind_027,11.0,16.29938602359219,AA
ind_027,12.0,14.785198010426868,Aa
ind_027,13.0,15.641860411642886,AA
ind_027,14.0,15.053589939934323,AA
ind_027,15.0,13.68309867675357,aa
ind_027,16.0,14.323689139437828,AA
ind_027,17.0,12.46467153155258,Aa
ind_027,18.0,13.158363148822177,Aa
ind_027,19.0,17.263864581923592,AA
ind_027,20.0,17.447076420216675,AA
ind_028,0.0,8.459581328110964,Aa
ind_028,1.0,12.110745802538606,AA
ind_028,2.0,12.92370322880297,aa
ind_028,3.0,12.597959791105598,AA
ind_028,4.0,14.802422669280443,AA
ind_028,5.0,17.938509231040292,AA
ind_028,6.0,15.479259563976532,Aa
ind_028,7.0,15.552579496542162,AA
ind_028,8.0,13.832138478720374,AA
ind_028,9.0,14.5246623864529,AA
ind_028,10.0,12.82075183932392,AA
ind_028,11.0,10.66925178772678,Aa
ind_028,12.0,8.882742387718315,Aa
ind_028,13.0,10.565712578091008,AA
ind_028,14.0,6.836577731290978,Aa
ind_028,15.0,8.61616510726407,Aa
ind_028,16.0,6.065297711109222,AA
ind_028,17.0,9.47813827137372,AA
ind_028,18.0,10.706476449480123,aa
ind_028,19.0,12.141355998651726,Aa
ind_028,20.0,12.441714040435503,AA
ind_029,0.0,7.878444058611183,AA
ind_029,1.0,11.970594560758652,AA
ind_029,2.0,12.157648642110152,Aa
ind_029,3.0,14.60844032271809,AA
ind_029,4.0,15.524051731170275,aa
ind_029,5.0,16.108064866910986,aa
ind_029,6.0,15.674816307312456,Aa
ind_029,7.0,15.288761207636636,AA
ind_029,8.0,14.256525483819317,AA
ind_029,9.0,14.420791718411042,AA
ind_029,10.0,13.510792715080283,Aa
ind_029,11.0,10.192299006747632,Aa
ind_029,12.0,10.135769311233469,aa
ind_029,13.0,9.35775127756787,Aa
ind_029,14.0,8.6258922725551,aa
ind_029,15.0,8.279119031271033,aa
ind_029,16.0,7.817142145475572,AA
ind_029,17.0,9.049957013823876,aa
ind_029,18.0,10.354206273203681,AA
ind_029,19.0,11.187608942834377,AA
ind_029,20.0,13.108862345539094,Aa
ind_030,0.0,10.990353411037507,Aa
ind_030,1.0,12.78686123552962,Aa
ind_030,2.0,11.761176395473292,Aa
ind_030,3.0,15.688215075019928,aa
ind_030,4.0,17.488552622066372,Aa
ind_030,5.0,16.862309371289406,aa
ind_030,6.0,13.912257509691305,AA
ind_030,7.0,16.779612552630386,aa
ind_030,8.0,17.223444868691768,Aa
ind_030,9.0,13.633867760171123,AA
ind_030,10.0,12.670896720269445,AA
ind_030,11.0,10.222784807357327,Aa
ind_030,12.0,10.499477202345409,AA
ind_030,13.0,10.43034638662326,AA
ind_030,14.0,9.139858266081513,Aa
ind_030,15.0,11.254316388962314,Aa
ind_030,16.0,8.252203998786593,Aa
ind_030,17.0,7.140253220946073,aa
ind_030,18.0,9.90714853378828,Aa
ind_030,19.0,8.630120521799324,Aa
ind_030,20.0,12.069818584140856,AA
ind_031,0.0,9.283133779642409,Aa
ind_031,1.0,13.23628094339568,AA
ind_031,2.0,12.164573017578096,AA
ind_031,3.0,14.57980000744459,Aa
ind_031,4.0,15.789511214987908,aa
ind_031,5.0,16.382300677427974,Aa
ind_031,6.0,15.488002981308144,aa
ind_031,7.0,14.82053743109927,Aa
ind_031,8.0,14.410520729709656,AA
ind_031,9.0,14.465224835379434,Aa
ind_031,10.0,12.561754269387372,AA
ind_031,11.0,12.20748033773628,AA
ind_031,12.0,10.664401502920812,aa
ind_031,13.0,6.884256505980524,Aa
ind_031,14.0,8.68961893476927,Aa
ind_031,15.0,10.362804179490785,AA
ind_031,16.0,9.544446006859127,AA
ind_031,17.0,9.192939749068307,AA
ind_031,18.0,8.676785431750119,AA
ind_031,19.0,11.524126003137459,Aa
ind_031,20.0,13.34267244888363,AA
ind_032,0.0,9.746253319172416,Aa
ind_032,1.0,11.130505735919595,aa
ind_032,2.0,13.386785702563833,Aa
ind_032,3.0,14.081808786227171,AA
ind_032,4.0,14.769315017549921,Aa
ind_032,5.0,17.659754169107124,AA
ind_032,6.0,16.992170336600385,Aa
ind_032,7.0,13.847846433289224,Aa
ind_032,8.0,13.003178454419869,AA
ind_032,9.0,14.97950823680564,Aa
ind_032,10.0,12.185746648750582,AA
ind_032,11.0,9.762189195349537,AA
ind_032,12.0,11.23313291606608,AA
ind_032,13.0,9.330293254179223,AA
ind_032,14.0,8.693692222764378,aa
ind_032,15.0,8.921888683680422,Aa
ind_032,16.0,6.9091997975384025,AA
ind_032,17.0,7.1394257669771735,Aa
ind_032,18.0,11.317131857123265,AA
ind_032,19.0,9.609405526269521,aa
ind_032,20.0,11.380684711929806,Aa
ind_033,0.0,9.324013727025603,AA
ind_033,1.0,12.20037898377259,aa
ind_033,2.0,11.667205634201494,aa
ind_033,3.0,12.694729815485061,AA
ind_033,4.0,13.124622705669504,Aa
ind_033,5.0,15.488177693448275,Aa
ind_033,6.0,15.31593993005242,Aa
ind_033,7.0,16.505362445098967,AA
ind_033,8.0,14.328653315706886,Aa
ind_033,9.0,14.21027574911342,AA
ind_033,10.0,13.518896616882413,Aa
ind_033,11.0,10.724952453634643,Aa
ind_033,12.0,10.485449993632916,Aa
ind_033,13.0,10.163096753035326,Aa
ind_033,14.0,7.203958363126492,Aa
ind_033,15.0,8.137201749919159,AA
ind_033,16.0,7.537142572621481,AA
ind_033,17.0,7.596436705868199,aa
ind_033,18.0,8.199725821729833,AA
ind_033,19.0,9.855923714833112,AA
ind_033,20.0,12.662951514757383,AA
ind_034,0.0,8.389155544438253,AA
ind_034,1.0,12.389872522812576,AA
ind_034,2.0,13.34343800040939,Aa
ind_034,3.0,13.794453240210444,AA
ind_034,4.0,18.089408061136403,AA
ind_034,5.0,16.899849546983145,Aa
ind_034,6.0,14.471526234617567,AA
ind_034,7.0,15.19979081730724,AA
ind_034,8.0,15.909092000164462,Aa
ind_034,9.0,13.137360479936468,Aa
ind_034,10.0,13.057147999125224,Aa
ind_034,11.0,12.362067829619907,AA
ind_034,12.0,6.798969700869346,Aa
ind_034,13.0,9.053131504290882,AA
ind_034,14.0,8.373330291497181,AA
ind_034,15.0,7.700276955990725,Aa
ind_034,16.0,8.520872090766836,AA
ind_034,17.0,9.428446195857212,AA
ind_034,18.0,9.878228506544671,Aa
ind_034,19.0,10.672744892962381,Aa
ind_034,20.0,13.23554380878964,Aa
ind_035,0.0,9.26699393672336,AA
ind_035,1.0,10.93431103034173,AA
ind_035,2.0,12.630384429595688,AA
ind_035,3.0,14.00930177274887,aa
ind_035,4.0,18.792784658387976,aa
ind_035,5.0,18.794855214120265,aa
ind_035,6.0,19.328368144364962,Aa
ind_035,7.0,18.77166319705447,AA
ind_035,8.0,19.073894191572887,Aa
ind_035,9.0,15.259565077983412,Aa
ind_035,10.0,15.468009791306653,aa
ind_035,11.0,11.619501493672463,AA
ind_035,12.0,11.252493430052281,Aa
ind_035,13.0,11.468367038768685,AA
ind_035,14.0,11.242378971309996,AA
ind_035,15.0,10.392584890268347,Aa
ind_035,16.0,10.034035757631518,Aa
ind_035,17.0,10.7635599314917,AA
ind_035,18.0,13.487669759267567,AA
ind_035,19.0,13.044591329755074,Aa
ind_035,20.0,16.734215351672297,Aa
ind_036,0.0,9.330927261340083,Aa
ind_036,1.0,12.717505720702773,Aa
ind_036,2.0,12.617596827238314,AA
ind_036,3.0,16.342644261684352,AA
ind_036,4.0,16.1381213011754,AA
ind_036,5.0,15.49956352487457,Aa
ind_036,6.0,18.226546367656482,Aa
ind_036,7.0,15.11033191024103,AA
ind_036,8.0,15.719411274765063,AA
ind_036,9.0,14.236191981575644,AA
ind_036,10.0,14.007341329698134,aa
ind_036,11.0,12.972782726010612,AA
ind_036,12.0,10.219401932591506,Aa
ind_036,13.0,8.407751333733948,Aa
ind_036,14.0,8.902093280871176,AA
ind_036,15.0,7.434634041922409,AA
ind_036,16.0,10.232564203347419,AA
ind_036,17.0,8.907461919444074,Aa
ind_036,18.0,9.370856010907954,Aa
ind_036,19.0,11.231252592876722,Aa
ind_036,20.0,11.255796219475673,Aa
ind_037,0.0,9.028385961489349,aa
ind_037,1.0,11.034082802926553,aa
ind_037,2.0,14.151052495056415,AA
ind_037,3.0,14.5736476730345,Aa
ind_037,4.0,15.72878770869939,Aa
ind_037,5.0,17.515943359432804,aa
ind_037,6.0,16.5770739106806,Aa
ind_037,7.0,16.254342912294,Aa
ind_037,8.0,16.049823240065557,Aa
ind_037,9.0,13.571946671626266,AA
ind_037,10.0,11.86639037296033,Aa
ind_037,11.0,10.366462335262726,aa
ind_037,12.0,8.221041194149738,aa
ind_037,13.0,11.217376334020454,AA
ind_037,14.0,7.338912772210376,AA
ind_037,15.0,7.891095788088743,AA
ind_037,16.0,7.942363655931875,Aa
ind_037,17.0,9.078333286170439,aa
ind_037,18.0,10.551914774759359,AA
ind_037,19.0,11.907045775371557,Aa
ind_037,20.0,12.019845070436432,aa
ind_038,0.0,10.308833012598964,AA
ind_038,1.0,13.379815977941934,Aa
ind_038,2.0,13.463965546463745,AA
ind_038,3.0,17.11831766231781,Aa
ind_038,4.0,16.025705075467677,AA
ind_038,5.0,14.226712173864456,aa
ind_038,6.0,16.82257977549551,AA
ind_038,7.0,16.097205218127147,AA
ind_038,8.0,16.2670686568385,AA
ind_038,9.0,14.61008075243911,AA
ind_038,10.0,12.567144056315563,aa
ind_038,11.0,10.186973292994393,aa
ind_038,12.0,9.978374526239714,AA
ind_038,13.0,8.310648749870833,Aa
ind_038,14.0,7.861597688127336,Aa
ind_038,15.0,8.700927816095124,aa
ind_038,16.0,9.889081460172202,Aa
ind_038,17.0,9.165598118184318,AA
ind_038,18.0,8.540294500184878,Aa
ind_038,19.0,11.491174955231953,Aa
ind_038,20.0,13.799553995651022,AA
ind_039,0.0,9.390217095680617,Aa
ind_039,1.0,10.151944718736603,Aa
ind_039,2.0,14.48579647040236,AA
ind_039,3.0,13.964776402244969,AA
ind_039,4.0,18.018394715504385,Aa
ind_039,5.0,15.423227334362885,AA
ind_039,6.0,16.253789457588013,AA
ind_039,7.0,17.258156785812243,Aa
ind_039,8.0,16.98340879091488,Aa
ind_039,9.0,15.998402977805549,aa
ind_039,10.0,13.913966270892479,aa
ind_039,11.0,12.435334055095222,Aa
ind_039,12.0,10.779924732726922,Aa
ind_039,13.0,9.93953028024677,Aa
ind_039,14.0,7.890935421603525,Aa
ind_039,15.0,7.294150528252207,AA
ind_039,16.0,8.215802498409843,Aa
ind_039,17.0,8.60074196583641,aa
ind_039,18.0,9.282949512892786,AA
ind_039,19.0,11.742959734468528,Aa
ind_039,20.0,13.558227717575882,Aa
ind_040,0.0,9.511150578213726,AA
ind_040,1.0,10.557983600017685,AA
ind_040,2.0,13.364098613886382,AA
ind_040,3.0,12.748195182574564,AA
ind_040,4.0,15.783363144020914,AA
ind_040,5.0,15.839872346721604,aa
ind_040,6.0,15.603201652522735,AA
ind_040,7.0,14.121343765977572,AA
ind_040,8.0,15.490916009325472,Aa
ind_040,9.0,13.40419856150724,Aa
ind_040,10.0,11.535683204589049,Aa
ind_040,11.0,8.53900931600211,AA
ind_040,12.0,10.159882878475102,Aa
ind_040,13.0,10.933420800749875,AA
ind_040,14.0,10.10338035247993,AA
ind_040,15.0,7.655253155088243,aa
ind_040,16.0,7.616964895459016,AA
ind_040,17.0,9.239700844436362,Aa
ind_040,18.0,8.73779212303177,Aa
ind_040,19.0,11.34836418683128,AA
ind_040,20.0,13.36900278739006,aa
ind_041,0.0,11.226933223884307,Aa
ind_041,1.0,11.74459175053157,Aa
ind_041,2.0,13.739151584679277,AA
ind_041,3.0,12.954088691250874,aa
ind_041,4.0,14.931142752489837,aa
ind_041,5.0,16.7817396126421,Aa
ind_041,6.0,14.814948731221728,Aa
ind_041,7.0,16.009604765410998,Aa
ind_041,8.0,13.62073409813235,Aa
ind_041,9.0,14.403329383602678,Aa
ind_041,10.0,12.669958558001852,AA
ind_041,11.0,9.796139713378249,Aa
ind_041,12.0,11.352137137982911,aa
ind_041,13.0,8.426577627282082,Aa
ind_041,14.0,7.631868700917678,AA
ind_041,15.0,8.312918608905457,Aa
ind_041,16.0,6.8850436433033515,AA
ind_041,17.0,5.272334107436782,AA
ind_041,18.0,7.315086750121875,AA
ind_041,19.0,8.992618125396227,AA
ind_041,20.0,10.813257454322356,Aa
ind_042,0.0,10.086143883046375,Aa
ind_042,1.0,10.231473000746535,AA
ind_042,2.0,13.318206118331481,aa
ind_042,3.0,14.15616114393282,Aa
ind_042,4.0,15.971610930766085,AA
ind_042,5.0,16.30494686775136,Aa
ind_042,6.0,16.037319659747613,Aa
ind_042,7.0,15.655003407774373,AA
ind_042,8.0,14.24145745343292,aa
ind_042,9.0,14.020246472162395,aa
ind_042,10.0,13.586884821732104,AA
ind_042,11.0,10.437824787884283,aa
ind_042,12.0,10.182000407164205,AA
ind_042,13.0,10.199557959814744,AA
ind_042,14.0,8.947545231148759,AA
ind_042,15.0,9.421822308025227,aa
ind_042,16.0,7.651034625986461,Aa
ind_042,17.0,6.940158139966472,AA
ind_042,18.0,9.936829366175749,Aa
ind_042,19.0,11.409143102038298,Aa
ind_042,20.0,13.971344463478045,AA
ind_043,0.0,10.191520963865965,Aa
ind_043,1.0,11.918839170962045,AA
ind_043,2.0,13.744507657570933,Aa
ind_043,3.0,14.522445106679866,aa
ind_043,4.0,15.725251474676444,AA
ind_043,5.0,15.942448110191407,AA
ind_043,6.0,17.217971637320417,Aa
ind_043,7.0,17.148388864461868,aa
ind_043,8.0,13.78830462037572,AA
ind_043,9.0,13.681647459066898,AA
ind_043,10.0,12.738324531840043,AA
ind_043,11.0,11.144356817269438,AA
ind_043,12.0,11.980320374856612,Aa
ind_043,13.0,9.385124482169866,Aa
ind_043,14.0,7.636749310881715,Aa
ind_043,15.0,8.708791751235186,Aa
ind_043,16.0,8.49015149466699,AA
ind_043,17.0,9.07511950791476,aa
ind_043,18.0,11.544053721019253,Aa
ind_043,19.0,11.397357462766623,aa
ind_043,20.0,12.299260985131374,Aa
ind_044,0.0,8.044723573689899,AA
ind_044,1.0,12.050035680288909,Aa
ind_044,2.0,12.4331460418399,Aa
ind_044,3.0,15.711308692465437,aa
ind_044,4.0,14.338814791761347,Aa
ind_044,5.0,15.585408188503603,AA
ind_044,6.0,16.593502832034147,aa
ind_044,7.0,15.206851592758904,AA
ind_044,8.0,15.7548471435707,Aa
ind_044,9.0,15.312765574353108,AA
ind_044,10.0,13.718146041353172,Aa
ind_044,11.0,9.475156215605137,aa
ind_044,12.0,10.313244753145096,AA
ind_044,13.0,10.189851814776524,aa
ind_044,14.0,7.125372291110002,AA
ind_044,15.0,8.83595999890339,aa
ind_044,16.0,8.886637737460108,Aa
ind_044,17.0,7.558836696423072,aa
ind_044,18.0,10.570410227960224,AA
ind_044,19.0,11.319270080541747,aa
ind_044,20.0,13.25330429772664,Aa
ind_045,0.0,10.88866275355096,aa
ind_045,1.0,11.150845600651706,Aa
ind_045,2.0,13.88259295316213,AA
ind_045,3.0,14.130157830885443,aa
ind_045,4.0,15.799709913654972,Aa
ind_045,5.0,15.341703582383705,AA
ind_045,6.0,15.158534331326244,AA
ind_045,7.0,15.807911578892861,aa
ind_045,8.0,13.092115850734638,Aa
ind_045,9.0,13.64063195766027,aa
ind_045,10.0,11.099223034690155,aa
ind_045,11.0,12.190505563597368,Aa
ind_045,12.0,11.237508379634653,Aa
ind_045,13.0,8.297217982659326,Aa
ind_045,14.0,8.870434100405555,AA
ind_045,15.0,9.011485125362007,Aa
ind_045,16.0,9.12164617832258,Aa
ind_045,17.0,8.985377422332979,Aa
ind_045,18.0,10.470482237781559,aa
ind_045,19.0,10.39724097509142,Aa
ind_045,20.0,12.686044974662051,Aa
ind_046,0.0,9.532896593209223,Aa
ind_046,1.0,12.89940158582551,Aa
ind_046,2.0,11.108951503693676,aa
ind_046,3.0,9.638373502415417,AA
ind_046,4.0,12.37922350486348,aa
ind_046,5.0,11.15813477863722,aa
ind_046,6.0,12.235557558372102,AA
ind_046,7.0,11.595616734508196,Aa
ind_046,8.0,8.710719799302069,Aa
ind_046,9.0,10.49729149232705,AA
ind_046,10.0,8.985097039351567,AA
ind_046,11.0,9.02650833413552,AA
ind_046,12.0,6.934699269621282,AA
ind_046,13.0,7.588210959604895,aa
ind_046,14.0,4.685321351456773,AA
ind_046,15.0,4.142977191118208,aa
ind_046,16.0,4.170978136549701,Aa
ind_046,17.0,4.467495708775564,aa
ind_046,18.0,3.6645844772834946,Aa
ind_046,19.0,6.962535491449856,AA
ind_046,20.0,6.671225614015379,Aa
ind_047,0.0,7.368568116580094,AA
ind_047,1.0,11.6135307331782,Aa
ind_047,2.0,12.632936883615395,Aa
ind_047,3.0,15.997202603679305,Aa
ind_047,4.0,14.750845141900065,Aa
ind_047,5.0,16.331319756144573,aa
ind_047,6.0,16.83813551761545,Aa
ind_047,7.0,16.557539537715225,Aa
ind_047,8.0,13.811873232535735,AA
ind_047,9.0,14.988849806997418,AA
ind_047,10.0,11.726644794192065,AA
ind_047,11.0,12.221975184633752,AA
ind_047,12.0,10.722571254574838,Aa
ind_047,13.0,9.97979986586003,Aa
ind_047,14.0,7.237117616833031,Aa
ind_047,15.0,8.700279154408907,aa
ind_047,16.0,9.304770632228967,aa
ind_047,17.0,8.964322371523078,aa
ind_047,18.0,8.917560882615485,Aa
ind_047,19.0,11.966319901339803,Aa
ind_047,20.0,12.716842137106141,Aa
ind_048,0.0,6.724973605264202,AA
ind_048,1.0,7.8200106722530265,AA
ind_048,2.0,9.959670468181619,AA
ind_048,3.0,9.942708342872889,Aa
ind_048,4.0,13.419233444604647,Aa
ind_048,5.0,12.563175163262851,AA
ind_048,6.0,12.241703295381278,AA
ind_048,7.0,12.459087720572374,Aa
ind_048,8.0,13.006427510348267,AA
ind_048,9.0,10.979453754966743,Aa
ind_048,10.0,8.20700222378224,Aa
ind_048,11.0,8.787348312041212,AA
ind_048,12.0,6.169513782219486,AA
ind_048,13.0,3.916164125721686,aa
ind_048,14.0,6.849224303665608,Aa
ind_048,15.0,5.480675239518575,Aa
ind_048,16.0,5.052002245033751,AA
ind_048,17.0,5.33641302668101,Aa
ind_048,18.0,8.04435301596975,AA
ind_048,19.0,11.04482339022659,Aa
ind_048,20.0,9.962798980588259,aa
ind_049,0.0,9.56361410947343,AA
ind_049,1.0,11.567991229380866,AA
ind_049,2.0,13.134849407769842,AA
ind_049,3.0,14.146623518255288,AA
ind_049,4.0,15.20139936716903,AA
ind_049,5.0,17.58612210352499,AA
ind_049,6.0,16.630157602332215,aa
ind_049,7.0,15.420566515215208,Aa
ind_049,8.0,15.674270307266491,AA
ind_049,9.0,13.603079911413142,Aa
ind_049,10.0,13.878724677885977,AA
ind_049,11.0,11.780913721481854,Aa
ind_049,12.0,10.08009563952151,Aa
ind_049,13.0,9.60888612989041,Aa
ind_049,14.0,6.87124498586356,Aa
ind_049,15.0,6.98558194276471,aa
ind_049,16.0,7.02525194942174,aa
ind_049,17.0,8.913869683125045,Aa
ind_049,18.0,11.468692561705154,Aa
ind_049,19.0,13.277872433204445,Aa
ind_049,20.0,13.240973610446128,AA
